ID, Name, PhotoUrl
770644073,Danny Peterson,https://randomuser.me/api/portraits/men/13.jpg
70864188,Norma Taylor,https://randomuser.me/api/portraits/women/1.jpg
136036886,Sue Franklin,https://randomuser.me/api/portraits/women/84.jpg
30559524,Warren Hoffman,https://randomuser.me/api/portraits/men/15.jpg
337589565,Sue Banks,https://randomuser.me/api/portraits/women/6.jpg
358431886,Same Walters,https://randomuser.me/api/portraits/men/40.jpg
560153793,Renee Olson,https://randomuser.me/api/portraits/women/80.jpg
641635823,Lori Mckinney,https://randomuser.me/api/portraits/women/19.jpg
432042673,Nina Byrd,https://randomuser.me/api/portraits/women/88.jpg
116394958,Aubree Terry,https://randomuser.me/api/portraits/women/33.jpg
